{"initial_reset_timestamp": 1554105634.8843403, "timestamps": [1554105636.8980997], "episode_lengths": [1005], "episode_rewards": [-21.0], "episode_types": ["t"]}